Дата;Время;День недели;Рубрика;Задача;Тема;Формат;Площадка;Статус;Материал;Проверяющий
2026-10-12;09:00;понедельник;Тишина как ресурс;объяснить;Что происходит с вниманием, когда день расписан по минутам;пост;Telegram;на проверке;готов;контент-редактор (человек)
2026-10-12;18:30;понедельник;Тишина как ресурс;объяснить;Что происходит с вниманием, когда день расписан по минутам;пост;ВКонтакте;на проверке;готов;контент-редактор (человек)
2026-10-13;09:00;вторник;Практики восстановления;практика;Три вопроса, которые возвращают в тело после рабочего дня;карточка-практика;Telegram;черновик;нужен текст;контент-редактор (человек)
2026-10-13;18:30;вторник;Практики восстановления;практика;Три вопроса, которые возвращают в тело после рабочего дня;карточка-практика;ВКонтакте;черновик;нужен текст;контент-редактор (человек)
2026-10-14;09:00;среда;Как здесь устроено;показать продукт;Один день в «Тихом лесу»: как выглядит отдых без телефона;короткое видео;Telegram;на проверке;готов;контент-редактор (человек)
2026-10-14;18:30;среда;Как здесь устроено;показать продукт;Один день в «Тихом лесу»: как выглядит отдых без телефона;короткое видео;ВКонтакте;на проверке;готов;контент-редактор (человек)
2026-10-15;09:00;четверг;Истории гостей;кейс;«Я впервые за год дочитал книгу до конца»;пост;Telegram;на проверке;готов;контент-редактор (человек)
2026-10-15;18:30;четверг;Истории гостей;кейс;«Я впервые за год дочитал книгу до конца»;пост;ВКонтакте;на проверке;готов;контент-редактор (человек)
2026-10-16;09:00;пятница;Тишина как ресурс;объяснить;Тишина как навык: почему к ней нужно привыкать постепенно;карусель;Telegram;черновик;нужен текст;контент-редактор (человек)
2026-10-16;18:30;пятница;Тишина как ресурс;объяснить;Тишина как навык: почему к ней нужно привыкать постепенно;карусель;ВКонтакте;черновик;нужен текст;контент-редактор (человек)
2026-10-17;09:00;суббота;Как здесь устроено;подвести к бронированию;Как собрать свой заезд: три сценария отдыха в «Тихом лесу»;подборка;Telegram;черновик;нужен текст;контент-редактор (человек)
2026-10-17;18:30;суббота;Как здесь устроено;подвести к бронированию;Как собрать свой заезд: три сценария отдыха в «Тихом лесу»;подборка;ВКонтакте;черновик;нужен текст;контент-редактор (человек)
2026-10-18;09:00;воскресенье;Тишина как ресурс;вовлечь;Что для вас признак настоящего отдыха: тишина, сон или пустая голова?;опрос;Telegram;черновик;нужен текст;контент-редактор (человек)
2026-10-18;18:30;воскресенье;Тишина как ресурс;вовлечь;Что для вас признак настоящего отдыха: тишина, сон или пустая голова?;опрос;ВКонтакте;черновик;нужен текст;контент-редактор (человек)