id;date;platform;rubric;task;topic;format;status;views;reactions;comments;saves;er_percent
1;2026-09-21;Telegram;Тишина как ресурс;объяснить;Почему телефон в отпуске не отдыхает вместе с вами;пост;опубликовано;1840;96;14;21;7.1
2;2026-09-22;ВКонтакте;Как здесь устроено;показать продукт;Один день в «Тихом лесу»: от завтрака до вечерней тишины;карусель;опубликовано;3120;141;9;33;5.9
3;2026-09-23;Telegram;Практики восстановления;практика;Правило двадцати минут: как вернуть внимание к себе;пост;опубликовано;2210;118;7;44;7.6
4;2026-09-24;ВКонтакте;Истории гостей;кейс;«Я впервые за год не проверил почту в субботу»;пост;опубликовано;4050;203;31;18;6.2
5;2026-09-25;Telegram;Тишина как ресурс;объяснить;Три признака, что отдых перестал восстанавливать;пост;опубликовано;1980;102;22;12;6.9
6;2026-09-26;ВКонтакте;Практики восстановления;вовлечь;Что вы делаете в первый час без телефона?;опрос;опубликовано;2870;64;58;3;4.3
7;2026-09-27;Telegram;Как здесь устроено;подвести к бронированию;Осенние выходные в лесу: как забронировать;пост;опубликовано;1620;57;11;9;4.7
8;2026-09-28;Telegram;Тишина как ресурс;объяснить;Цифровой детокс — это не про запрет телефона;пост;опубликовано;2360;131;18;26;7.4
9;2026-09-29;ВКонтакте;Как здесь устроено;показать продукт;Дом у соснового бора: как выглядит тишина;карусель;опубликовано;3480;162;12;41;6.2
10;2026-09-30;Telegram;Истории гостей;кейс;«Отпуск на четыре дня оказался длиннее, чем две недели на море»;пост;опубликовано;2740;158;27;16;7.3
11;2026-10-01;ВКонтакте;Практики восстановления;практика;Пять ритуалов вечера, которые возвращают сон;подборка;опубликовано;3310;149;19;52;6.6
12;2026-10-02;Telegram;Тишина как ресурс;вовлечь;Какой шум мешает вам отключиться от работы?;опрос;опубликовано;2090;71;47;4;5.8
13;2026-10-03;ВКонтакте;Как здесь устроено;показать продукт;Прогулки без маршрута: зачем мы не ставим цели гостям;пост;опубликовано;2560;112;15;14;5.5
14;2026-10-04;Telegram;Практики восстановления;практика;Как разговаривать с семьёй о своём отдыхе;пост;опубликовано;1870;88;13;20;6.5
15;2026-10-05;ВКонтакте;Истории гостей;кейс;«Мы приехали вдвоём и впервые за год просто молчали»;пост;опубликовано;3720;188;24;17;6.2
16;2026-10-06;Telegram;Тишина как ресурс;объяснить;Почему тишина восстанавливает быстрее, чем сон в выходные;пост;опубликовано;2510;137;16;29;7.2
17;2026-10-07;ВКонтакте;Практики восстановления;вовлечь;Какая практика отдыха у вас работает лучше всего?;опрос;опубликовано;2980;69;61;5;4.5
18;2026-10-08;Telegram;Как здесь устроено;подвести к бронированию;Короткие заезды в октябре: что осталось;пост;опубликовано;1730;62;10;8;4.6
