id,school,date,rating,platform,type,category,text,source_url
1,Skyeng,22.09.2026,2,Отзовик,негатив,преподаватель,"Занималась немецким: что-то новое узнала, но мало. Главный минус — выраженная незаинтересованность преподавателя, занятие шло формально.",https://otzovik.com/review_18682419.html
2,Skyeng,12.09.2026,1,Отзовик,негатив,навязывание услуг,"Оставила личные данные для кабинета на сайте другой школы — и неделю ей звонили по несколько раз с разных номеров, приглашая на урок.",https://otzovik.com/review_18660017.html
3,Skyeng,09.09.2026,5,Отзовик,позитив,преподаватель,"Курс китайского с преподавателем Анастасией: материал подаётся понятно и последовательно, сложное разбирается подробно, страх перед иероглифами ушёл через несколько занятий.",https://otzovik.com/review_18653732.html
4,Skyeng,22.08.2026,1,irecommend,негатив,списание/возврат денег,"Автор направил официальную досудебную претензию. По его словам, школа отказывается возвращать деньги и полностью игнорирует клиента.",https://irecommend.ru/content/skaieng-otkazyvaetsya-vozvrashchat-dengi
5,Skyeng,15.07.2026,5,Отзовик,позитив,цена/дорого,"Учил английский раньше, но говорить было сложно — выбрал преподавателя с упором на разговорную речь и доволен результатом. Из минусов указал только одно: хотелось бы подешевле.",https://otzovik.com/review_18510522.html
6,Skyeng,24.05.2026,5,irecommend,позитив,платформа/техника,"Пользуется платформой почти два года, опыт в целом позитивный: личный кабинет простой, нравится учить слова и обсуждать интересные темы.",https://irecommend.ru/content/udobno-uchit-slova-i-obsuzhdat-interesnye-temy
7,Skyeng,29.11.2025,1,irecommend,негатив,поддержка,"Контраст до и после оплаты: до старта обучения с клиентом активно общаются, перезванивают, уточняют условия. После — по мнению автора, сплошной игнор и бездействие.",https://irecommend.ru/content/ignor-i-bezdeistvie-eto-pro-skyeng
8,Skyeng,23.11.2025,1,irecommend,негатив,поддержка,"Крайне разочарована: служба поддержки, по словам автора, не работает вообще, ответы приходится ждать месяцами.",https://irecommend.ru/content/uzhasno-ne-rekomenduyu-n11100069
9,Skyeng,28.10.2025,1,irecommend,негатив,списание/возврат денег,"Полгода занималась английским в группе, решила прекратить обучение и вернуть деньги за оплаченный год — возврат средств превратился в проблему.",https://irecommend.ru/content/otvratitelno-n11050293
10,Skyeng,06.03.2025,5,irecommend,позитив,преподаватель,"Плотно занимается с марта 2024 года, английский потребовался для работы. С преподавателем сложились очень тёплые отношения.",https://irecommend.ru/content/nashla-podrugu-i-psikhologa-v-litse-svoego-uchitelya
11,Skyeng,05.03.2025,,otzyvru,позитив,преподаватель,"Брал премиум-тариф и остался доволен подходом: дают выбор преподавателя по интересам, методика на высшем уровне.",https://www.otzyvru.com/skyeng
12,Skyeng,27.01.2025,5,irecommend,позитив,результат/прогресс,"Занимается больше двух лет, начинала с нулевого уровня — сейчас, по её словам, достаточно хороший прогресс и неплохо разговаривает.",https://irecommend.ru/content/prishla-s-nulevym-urovnem-seichas-neplokho-razgovarivayu
13,Skyeng,19.06.2023,,otzyvru,негатив,преподаватель,"Занималась 3 месяца — результата нет: задания однотипные, у премиум-преподавателя сильный акцент, обратной связи и работы над ошибками не было; платформа часто выдавала ошибки.",https://www.otzyvru.com/skyeng
14,Инглекс,26.08.2026,5,edu.vbr.ru,позитив,преподаватель,"Дочь занимается на курсе для детей: стеснялась говорить, преподаватель постепенно разговорила её через короткие диалоги. Сейчас дочь стала смелее и сама учит слова.",https://edu.vbr.ru/school/ingleks/otzivy/
15,Инглекс,09.08.2026,5,mooc.ru,позитив,результат/прогресс,"Занимается 4 месяца, преподаватель нравится. Радует своя платформа — уроки, домашка и словарь в одном месте, но главное — видит реальный прогресс.",https://mooc.ru/company/englex/reviews
16,Инглекс,24.06.2025,5,edu.vbr.ru,позитив,преподаватель,"Пришёл из Skyeng и не пожалел: сильнейшая сторона Инглекса — преподавательский состав, школа меньше и отбор качественнее; в Skyeng занятия идут строго по учебнику.",https://edu.vbr.ru/school/ingleks/otzivy/
17,Инглекс,29.04.2025,2,edu.vbr.ru,негатив,отмена и перенос занятий,"Плюсы — хорошая программа, но неудобное и устаревшее приложение; правила отмены такие, что даже заранее согласованное с преподавателем изменение расписания считается отменой.",https://edu.vbr.ru/school/ingleks/otzivy/
18,Инглекс,23.01.2025,1,irecommend,негатив,отмена и перенос занятий,"При выборе школы опиралась на возможность бесплатной отмены занятий. С декабря 2024 года школа ввела новые правила, и автор осталась крайне недовольна.",https://irecommend.ru/content/nedovolna-n10454712
19,Инглекс,24.08.2024,1,irecommend,негатив,преподаватель,"Начала обучение примерно в апреле для подготовки к экзамену. Отзыв озаглавлен «Ужасная школа с вялыми преподавателями».",https://irecommend.ru/content/uzhasnaya-shkola-s-vyalymi-prepodavatelyami
20,Инглекс,11.01.2024,4,irecommend,позитив,преподаватель,"Автор сама преподаватель английского: долго искала школу и преподавателя, чтобы улучшить собственный язык. Школу рекомендует.",https://irecommend.ru/content/rekomenduyu-etu-shkolu-2
21,Инглекс,10.10.2023,1,mooc.ru,негатив,платформа/техника,"За 7–8 уроков упало и качество, и организация: платформа упала на 20-й минуте, урок не компенсировали; преподаватель дважды отменила занятие, о чём школа не знала. По письменным домашним заданиям обратной связи не предусмотрено.",https://mooc.ru/company/englex/reviews
22,Инглекс,06.01.2022,2,irecommend,негатив,пробный урок,"Слабая платформа; уровень языка определили неправильно.",https://irecommend.ru/content/englex-khm-slabaya-platforma-uroven-moego-yazyka-opredelili-nepravilno
23,EnglishDom,23.08.2026,4,realreviews.io,смешанный,гибкость расписания,"«Удобно, но расписание давит»: ожидал идеальной сетки занятий, но вечерние часы быстро разлетаются. При этом контент сильный, разговорная практика постоянная; советует брать пакет с запасом времени.",https://realreviews.io/reviews/englishdom.com
24,EnglishDom,25.04.2026,5,irecommend,позитив,платформа/техника,"«Люблю эту школу!» Занимается уже второй год, хвалит платформу — и для занятий с учителем, и для самостоятельного изучения.",https://irecommend.ru/content/legkii-i-interaktivnyi-put-dlya-izucheniya-yazyka
25,EnglishDom,07.11.2025,,vidhuk.ua,негатив,списание/возврат денег,"Только негатив: после оплаты два занятия отменили, причём причины называли разные. После просьбы вернуть деньги получала только обещания — средства так и не вернули.",https://www.vidhuk.ua/english-dom/review-2263282
26,EnglishDom,23.04.2024,1,irecommend,негатив,репутация компании,"«Хороший преподаватель, но мерзкая контора»: претензия не к обучению, а к публичной политической позиции компании и просьбам о спонсировании.",https://irecommend.ru/content/khoroshaya-prepod-no-merzkaya-kontora
27,EnglishDom,14.04.2024,1,irecommend,негатив,навязывание услуг,"«Сомнительная контора»: реальный уровень знаний занижают, а после пробного урока выпрашивают покупку полного курса.",https://irecommend.ru/content/somnitelnaya-kontora-vyprashivayushchaya-kupit-polnyi-kurs-i-zanizhayushchaya-vash-uroven-zn
28,EnglishDom,15.07.2023,1,irecommend,негатив,результат/прогресс,"«Не советую! Деньги на ветер»: много наслышан о школе из-за рекламы, но обучение не оправдало ожиданий.",https://irecommend.ru/content/ne-sovetuyu-dengi-na-veter-3
29,EnglishDom,31.10.2022,,otzyvru,позитив,преподаватель,"Благодарность преподавателю Александре: понятное объяснение грамматики, разбор ошибок, внимание к деталям. Между уроками — задания в приложении и разговорные клубы.",https://www.otzyvru.com/englishdom
30,EnglishDom,25.04.2022,1,irecommend,негатив,отмена и перенос занятий,"«Ужасная школа»: баланс перевели в другую школу, уроки постоянно отменяются и об этом даже не предупреждают заранее.",https://irecommend.ru/content/uzhasnaya-shkola-3
