school,plan,lessons,lesson_minutes,price_per_lesson,price_from,price_to,format,trial_lesson,notes,source_url,checked_date,currency
Skyeng,Базовый (с русскоязычным преподавателем) 8 уроков,8,50,1890,15120,15120,индивидуально,есть — бесплатный вводный урок 30 мин,"На сайте публикуется только цена за урок «от 1 890 ₽»; сумма пакета посчитана как 1890×8. К пакету +1 бонусный урок",https://skyeng.ru/programs/razgovornyj-anglijskij/,2026-09-23,RUB
Skyeng,Базовый (с русскоязычным преподавателем) 16 уроков,16,50,1690,27040,27040,индивидуально,есть — бесплатный вводный урок 30 мин,"Сумма пакета посчитана как 1690×16. Скидка от 25% к минимальному пакету",https://skyeng.ru/programs/razgovornyj-anglijskij/,2026-09-23,RUB
Skyeng,Базовый (с русскоязычным преподавателем) 32 урока,32,50,1390,44480,44480,индивидуально,есть — бесплатный вводный урок 30 мин,"Сумма пакета посчитана как 1390×32. Полная линейка: 8→1890, 16→1690, 32→1390, 64→1290, 96→1190, 128→1090 ₽/урок. 2 бесплатных переноса в месяц",https://skyeng.ru/programs/razgovornyj-anglijskij/,2026-09-23,RUB
Skyeng,Премиум (премиум-преподаватель) 32 урока,32,50,2390,76480,76480,индивидуально,есть — бесплатный вводный урок,"Сумма пакета посчитана как 2390×32. Линейка Премиум: 8→2690, 16→2390, 32→2390, 64→1890, 96→1690, 128→1590 ₽/урок. Персональный менеджер, разговорные клубы, перенос за 4 часа",https://skyeng.ru/programs/razgovornyj-anglijskij/,2026-09-23,RUB
Skyeng,Групповые уроки (мини-группа до 6 человек),,50,1290,,,мини-группа до 6 человек,есть — бесплатный вводный урок,"Продаётся поурочно или подпиской, размер пакета на странице не указан. По акции от 987 ₽/урок (−23%). Фиксированное расписание",https://skyeng.ru/price/,2026-09-23,RUB
Skyeng,Уроки с англоязычным преподавателем (носитель),,50,3190,,,индивидуально с носителем,есть — бесплатный вводный урок,"Цена «от 3 190 ₽/урок» — минимальная, на большом пакете. Разбивка по размерам пакетов не публикуется. Самый дорогой тариф школы",https://skyeng.ru/programs/individualnye-kursy-anglijskogo-yazyka/,2026-09-23,RUB
Инглекс,Базовый «Английский 360°» 10 тренингов,10,45,1620,16200,16200,индивидуально,есть — бесплатный вводный урок с преподавателем,"Пакетный прайс 45 мин: 5→2160, 10→1620, 20→1500, 40→1380, 80→1290 ₽. Тариф действует с 26.11.2025",https://englex.ru/prices/,2026-09-23,RUB
Инглекс,Базовый «Английский 360°» 20 тренингов,20,45,1500,30000,30000,индивидуально,есть — бесплатный вводный урок,"Скидка 30% к минимальному пакету. Отмены: 1 в месяц при 1–2 занятиях в неделю, 2 — при 3 и более",https://englex.ru/prices/,2026-09-23,RUB
Инглекс,Базовый «Английский 360°» 80 тренингов,80,45,1290,103200,103200,индивидуально,есть — бесплатный вводный урок,"Минимальная цена урока на тарифе (−40%), плюс клуб Skills на 30 дней. Рассрочка на 6–10 мес. Возврат за непройденные занятия по запросу",https://englex.ru/prices/,2026-09-23,RUB
Инглекс,Базовый «Английский 360°» 20 тренингов по 60 мин,20,60,2000,40000,40000,индивидуально,есть — бесплатный вводный урок,"Пакетный прайс 60 мин: 5→2880, 10→2160, 20→2000, 40→1840, 60→1720 ₽",https://englex.ru/prices/,2026-09-23,RUB
Инглекс,Интенсивный курс (A1) 100 тренингов,100,45,810,81000,81000,индивидуально,есть — бесплатный вводный урок,"Самое дешёвое предложение школы. На Интенсивном курсе отмены занятий НЕДОСТУПНЫ. Малый пакет: 20 тренингов по 1 090 ₽",https://englex.ru/prices/,2026-09-23,RUB
Инглекс,Премиальный «Английский 360°» 20 тренингов,20,45,2190,43800,43800,индивидуально,есть — бесплатный вводный урок,"Тариф действует с 03.08.2026 только для действующих клиентов. Включает топ-преподавателей, безлимитные переносы, безлимитный клуб Skills",https://englex.ru/prices/,2026-09-23,RUB
Инглекс,С носителем «Разговорная практика» 20 тренингов,20,45,2290,45800,45800,индивидуально с носителем,есть — бесплатный вводный урок,"Скидка всего 10% против 30% на Базовом. Прайс 45 мин: 5→2550, 10→2420, 20→2290, 40→2160, 80→2040 ₽. Уровни от A2 до C2",https://englex.ru/courses/native/,2026-09-23,RUB
EnglishDom,Індивідуальні з локальним викладачем 5 занять,5,50,450,450,450,индивидуально онлайн,есть — бесплатный пробный урок,"Цены 2024 года из архива, актуальность НЕ подтверждена. 450 грн за урок. ВАЖНО: школа работает на украинском рынке, рублёвых тарифов нет — школа указывает, что не обучает граждан РФ и Беларуси",https://web.archive.org/web/20240222142128/https://www.englishdom.com/ua/prices/,2026-09-23,UAH
EnglishDom,Індивідуальні з локальним викладачем 10 занять,10,50,430,430,430,индивидуально онлайн,есть — бесплатный пробный урок,"Цены 2024 года из архива, актуальность НЕ подтверждена. 430 грн за урок. Пакетная скидка к цене малого пакета — 4%",https://web.archive.org/web/20240222142128/https://www.englishdom.com/ua/prices/,2026-09-23,UAH
EnglishDom,Індивідуальні з локальним викладачем 20 занять,20,50,405,405,405,индивидуально онлайн,есть — бесплатный пробный урок,"Цены 2024 года из архива, актуальность НЕ подтверждена. 405 грн за урок. Пакет 20 занятий — самый популярный у школы",https://web.archive.org/web/20240222142128/https://www.englishdom.com/ua/prices/,2026-09-23,UAH
EnglishDom,Індивідуальні з локальним викладачем 50 занять,50,50,380,380,380,индивидуально онлайн,есть — бесплатный пробный урок,"Цены 2024 года из архива, актуальность НЕ подтверждена. 380 грн за урок — минимум по школе; скидка 16% к цене малого пакета",https://web.archive.org/web/20240222142128/https://www.englishdom.com/ua/prices/,2026-09-23,UAH
EnglishDom,Індивідуальні з носієм мови 5 занять,5,50,1100,1100,1100,индивидуально с носителем,есть — бесплатный пробный урок,"Цены 2024 года из архива. 1100 грн за урок. Цифры подтверждены вторым независимым снимком — промо-лендингом 2024-01",https://web.archive.org/web/20240222142128/https://www.englishdom.com/ua/prices/,2026-09-23,UAH
EnglishDom,Індивідуальні з носієм мови 20 занять,20,50,1000,1000,1000,индивидуально с носителем,есть — бесплатный пробный урок,"Цены 2024 года из архива. 1000 грн за урок. Пакетная скидка всего 9% — на порядок меньше, чем у локального преподавателя",https://web.archive.org/web/20240222142128/https://www.englishdom.com/ua/prices/,2026-09-23,UAH
EnglishDom,Індивідуальні з носієм мови 50 занять,50,50,920,920,920,индивидуально с носителем,есть — бесплатный пробный урок,"Цены 2024 года из архива. 920 грн за урок — минимум по носителям, скидка 16% к малому пакету",https://web.archive.org/web/20240222142128/https://www.englishdom.com/ua/prices/,2026-09-23,UAH
EnglishDom,Індивідуальні з преміум-викладачем 5 занять,5,50,620,620,620,индивидуально премиум,есть — бесплатный пробный урок,"Цены 2024 года из архива. 620 грн за урок. Промежуточный тариф между локальным преподавателем и носителем",https://web.archive.org/web/20240222142128/https://www.englishdom.com/ua/prices/,2026-09-23,UAH
EnglishDom,Індивідуальні з преміум-викладачем 50 занять,50,50,520,520,520,индивидуально премиум,есть — бесплатный пробный урок,"Цены 2024 года из архива. 520 грн за урок, скидка 16% к малому пакету",https://web.archive.org/web/20240222142128/https://www.englishdom.com/ua/prices/,2026-09-23,UAH
EnglishDom,Групові заняття (до 7 осіб) 60 уроків,60,50,250,250,250,группа до 7 человек,есть — бесплатный пробный урок,"Самый свежий подтверждённый источник по школе — архивный снимок 2026-06-19. 250 грн за урок, группа до 7 человек, 2–3 раза в неделю, доступ к разговорным клубам",https://web.archive.org/web/20260619122857/https://www.englishdom.com/ua/group-lessons/,2026-09-23,UAH
EnglishDom,Акційна пропозиція backtoschool (локальний викладач) 50 занять,50,50,340,340,420,индивидуально онлайн,есть — бесплатный пробный урок,"Архивный снимок 2024-01-23. Акция снижает цену урока до 340 грн (−24% к базовым 450). Бонус до 7 уроков при первой оплате, оплата частями",https://web.archive.org/web/20240123152813/https://promo.englishdom.com/backtoschool23,2026-09-23,UAH
EnglishDom,Індивідуальні з локальним викладачем (історичні ціни 2021) 50 занять,50,,250,250,315,индивидуально онлайн,есть,"ИСТОРИЧЕСКИЕ цены 2021 года, снимок 2021-06-24: 5/10/20/50 занятий = 315/295/275/250 грн. Показывает динамику: цена урока выросла с 250 до 380 грн — это +52% за три года",https://web.archive.org/web/20210624001824/https://promo.englishdom.com/free-lesson,2026-09-23,UAH
EnglishDom,Індивідуальні з локальним викладачем 2025/2026 [НЕПОДТВЕРЖДЕНО],10,50,495,495,495,индивидуально онлайн,есть — бесплатный пробный урок,"НЕПОДТВЕРЖДЕНО ПЕРВОИСТОЧНИКОМ: только сводка поисковой выдачи, три запроса дали одинаковые цифры. НЕ использовать как факт. Пакеты 10+2/20+4/50+6/75 = 495/445/420/395 грн",https://www.englishdom.com/ua/prices/,2026-09-23,UAH
EnglishDom,Індивідуальні з носієм мови 2025/2026 [НЕПОДТВЕРЖДЕНО],10,50,1130,1130,1130,индивидуально с носителем,есть — бесплатный пробный урок,"НЕПОДТВЕРЖДЕНО ПЕРВОИСТОЧНИКОМ: только сводка поисковой выдачи. НЕ использовать как факт. 1130/1060/920 грн за урок",https://www.englishdom.com/ua/prices/,2026-09-23,UAH
